{
    "root_group": {
        "name": "",
        "path": "",
        "id": "d41d8cd98f00b204e9800998ecf8427e",
        "groups": {
            "teardown": {
                "name": "teardown",
                "path": "::teardown",
                "id": "a8a9942382e8ffe2e56ef29e664b8229",
                "groups": {},
                "checks": {
                        "job list readable after load": {
                            "fails": 0,
                            "name": "job list readable after load",
                            "path": "::teardown::job list readable after load",
                            "id": "329458e8ba808fe4db20075a855ad27a",
                            "passes": 1
                        }
                    }
            }
        },
        "checks": {
            "job accepted": {
                "passes": 2401,
                "fails": 0,
                "name": "job accepted",
                "path": "::job accepted",
                "id": "3d9f2ec626f65cdfb5686c10d21994f2"
            }
        }
    },
    "metrics": {
        "http_req_receiving": {
            "min": 0,
            "med": 0.6908,
            "max": 10.9969,
            "p(90)": 3.9374600000000015,
            "p(95)": 5.15988,
            "avg": 1.3809732001664594
        },
        "http_req_connecting": {
            "p(90)": 0,
            "p(95)": 0,
            "avg": 0.0036994590095713697,
            "min": 0,
            "med": 0,
            "max": 1.0984
        },
        "http_req_tls_handshaking": {
            "p(95)": 0,
            "avg": 0,
            "min": 0,
            "med": 0,
            "max": 0,
            "p(90)": 0
        },
        "data_received": {
            "count": 1540444,
            "rate": 25511.421448000336
        },
        "http_req_waiting": {
            "avg": 23.751741697877655,
            "min": 0.3677,
            "med": 7.8584,
            "max": 290.8179,
            "p(90)": 69.68106000000016,
            "p(95)": 124.85685000000016
        },
        "vus_max": {
            "min": 20,
            "max": 20,
            "value": 20
        },
        "http_req_blocked": {
            "avg": 0.005900582605076987,
            "min": 0,
            "med": 0,
            "max": 4.3437,
            "p(90)": 0,
            "p(95)": 0
        },
        "iterations": {
            "count": 2401,
            "rate": 39.763161073462456
        },
        "http_req_duration": {
            "med": 10.519,
            "max": 290.8179,
            "p(90)": 71.75538000000003,
            "p(95)": 124.85685000000016,
            "avg": 25.134211527257584,
            "min": 0.3677,
            "thresholds": {
                "p(95)<750": false
            }
        },
        "data_sent": {
            "count": 453968,
            "rate": 7518.201876800335
        },
        "checks": {
            "passes": 2402,
            "fails": 0,
            "value": 1
        },
        "jobs_submitted": {
            "count": 2401,
            "rate": 39.763161073462456
        },
        "job_submit_latency": {
            "min": 0.3677,
            "med": 10.519,
            "max": 290.8179,
            "p(90)": 71.6093,
            "p(95)": 123.3246,
            "avg": 25.09908154935442
        },
        "vus": {
            "value": 8,
            "min": 4,
            "max": 10
        },
        "http_req_failed": {
            "passes": 0,
            "fails": 2403,
            "thresholds": {
                "rate<0.01": false
            },
            "value": 0
        },
        "http_req_duration{expected_response:true}": {
            "min": 0.3677,
            "med": 10.519,
            "max": 290.8179,
            "p(90)": 71.75538000000003,
            "p(95)": 124.85685000000016,
            "avg": 25.134211527257584
        },
        "http_req_sending": {
            "p(90)": 0,
            "p(95)": 0,
            "avg": 0.001496629213483146,
            "min": 0,
            "med": 0,
            "max": 0.5666
        },
        "iteration_duration": {
            "med": 110.8883,
            "max": 391.233,
            "p(90)": 172.0921,
            "p(95)": 223.8108,
            "avg": 125.58844468971243,
            "min": 100.5549
        },
        "http_reqs": {
            "count": 2403,
            "rate": 39.7962832401209
        }
    },
    "setup_data": {
        "duration": "1m",
        "durationMs": 500,
        "rate": 40,
        "scenario": "two-tenants"
    }
}